Workbook

Sheet Scripts
A1: Model
A2: Today | B2: 42104
A3: Spot | B3: 100
A4: Vol | B4: 0.2
A5: Rate | B5: 0
A7: Simulations
A8: Seed | B8: 0
A9: Num Sim | B9: 10 | K9: Example scripts below
A11: Script | K11: Call, strike = 100
A12: 42104 | B12: alive = 1 | K12: 42470 | L12: OPT PAYS MAX( 0, SPOT() - 100 )
A13: 42470 | B13: if spot() > 100 then autocall pays 110 alive = 0 endIf
A14: 42835 | B14: if spot() > 100 then autocall pays alive * 120 alive = 0 endIf | K14: Monthly monitored barrier @ 110, up and out call, strike = 100
A15: 43200 | B15: if spot() > 100 then autocall pays alive * 130 else autocall pays alive * 50 endIf | K15: 42104 | L15: ALIVE = 1
K16: 42134 | L16: IF SPOT() > 110 THEN ALIVE = 0 ENDIF
K17: 42165 | L17: IF SPOT() > 110 THEN ALIVE = 0 ENDIF
K18: 42195 | L18: IF SPOT() > 110 THEN ALIVE = 0 ENDIF
K19: 42226 | L19: IF SPOT() > 110 THEN ALIVE = 0 ENDIF
K20: 42257 | L20: IF SPOT() > 110 THEN ALIVE = 0 ENDIF
K21: 42287 | L21: IF SPOT() > 110 THEN ALIVE = 0 ENDIF
K22: 42318 | L22: IF SPOT() > 110 THEN ALIVE = 0 ENDIF
K23: 42348 | L23: IF SPOT() > 110 THEN ALIVE = 0 ENDIF
K24: 42379 | L24: IF SPOT() > 110 THEN ALIVE = 0 ENDIF
K25: 42410 | L25: IF SPOT() > 110 THEN ALIVE = 0 ENDIF
K26: 42439 | L26: IF SPOT() > 110 THEN ALIVE = 0 ENDIF
K27: 42470 | L27: IF SPOT() > 110 THEN ALIVE = 0 ENDIF
K28: 42470 | L28: RKO PAYS ALIVE * MAX( SPOT() - 100, 0)
A29: Value
A30: {=_xll.TestScript(B2,B3,B4,B5,A12:A27,B12:B27,B9,B8)} -> ALIVE | B30: 0.6 | K30: Autocallable
A31: AUTOCALL | B31: 84 | K31: 42104 | L31: ALIVE = 1
A32: #N/A | B32: #N/A | K32: 42470 | L32: IF SPOT() > 100 THEN AUTOCALL PAYS 110 ALIVE = 0 ENDIF
A33: #N/A | B33: #N/A | K33: 42835 | L33: IF SPOT() > 100 THEN AUTOCALL PAYS ALIVE * 120 ALIVE = 0 ENDIF
K34: 43200 | L34: IF SPOT() > 100 THEN AUTOCALL PAYS ALIVE * 130 ELSE AUTOCALL PAYS ALIVE * 50 ENDIF
K36: Just testing expressions
K37: 42104 | L37: VAR_1 = 7 - 3 - 4
K38: 42105 | L38: IF VAR_1 = 0 THEN VAR_2 = 7 - 3 - 4 ENDIF
K39: 42106 | L39: VAR_3 = 2 ^ 3 ^ 4
K40: 42107 | L40: VAR_4 = -2 ^ 2

Sheet Sharp
B2: Model
B3: Today | C3: 42104
B4: Spot | C4: 100
B5: Vol | C5: 0.2
B6: Rate | C6: 0
B9: Script
B10: 42104 | C10: alive = 1
B11: 42470 | C11: if spot() > 100 then autocall pays 110 alive = 0 endIf
B12: 42835 | C12: if spot() > 100 then autocall pays alive * 120 alive = 0 endIf
B13: 43200 | C13: if spot() > 100 then autocall pays alive * 130 else autocall pays alive * 50 endIf
B18: Fuzzy Logic? | C18: FALSE | D18: =C18 -> FALSE
B19: FL Eps | C19: 1 | D19: 1
B20: Vol shift | C20: 0 | D20: 0.0001
B21: Spot shift | C21: 0 | D21: 0
B22: Var | C22: 2 | D22: 2
B23: Sims | E23: Vega
B24: 10000 | C24: =INDEX(_xll.TestScript($C$3,$C$4+C$21,$C$5+C$20,$C$6,$B$10:$B$16,$C$10:$C$16,$B24,$B24,C$18,C$19),C$22,2) -> #NAME? | D24: =INDEX(_xll.TestScript($C$3,$C$4+D$21,$C$5+D$20,$C$6,$B$10:$B$16,$C$10:$C$16,$B24,$B24,D$18,D$19),D$22,2) -> 90.224 | E24: =(D24-C24)/$D$20 -> #NAME?
B25: 20000 | C25: =INDEX(_xll.TestScript($C$3,$C$4+C$21,$C$5+C$20,$C$6,$B$10:$B$16,$C$10:$C$16,$B25,$B25,C$18,C$19),C$22,2) -> #NAME? | D25: =INDEX(_xll.TestScript($C$3,$C$4+D$21,$C$5+D$20,$C$6,$B$10:$B$16,$C$10:$C$16,$B25,$B25,D$18,D$19),D$22,2) -> 90.4585 | E25: =(D25-C25)/$D$20 -> #NAME?
B26: 30000 | C26: =INDEX(_xll.TestScript($C$3,$C$4+C$21,$C$5+C$20,$C$6,$B$10:$B$16,$C$10:$C$16,$B26,$B26,C$18,C$19),C$22,2) -> #NAME? | D26: =INDEX(_xll.TestScript($C$3,$C$4+D$21,$C$5+D$20,$C$6,$B$10:$B$16,$C$10:$C$16,$B26,$B26,D$18,D$19),D$22,2) -> 90.362 | E26: =(D26-C26)/$D$20 -> #NAME?
B27: 40000 | C27: =INDEX(_xll.TestScript($C$3,$C$4+C$21,$C$5+C$20,$C$6,$B$10:$B$16,$C$10:$C$16,$B27,$B27,C$18,C$19),C$22,2) -> #NAME? | D27: =INDEX(_xll.TestScript($C$3,$C$4+D$21,$C$5+D$20,$C$6,$B$10:$B$16,$C$10:$C$16,$B27,$B27,D$18,D$19),D$22,2) -> 90.219 | E27: =(D27-C27)/$D$20 -> #NAME?
B28: 50000 | C28: =INDEX(_xll.TestScript($C$3,$C$4+C$21,$C$5+C$20,$C$6,$B$10:$B$16,$C$10:$C$16,$B28,$B28,C$18,C$19),C$22,2) -> #NAME? | D28: =INDEX(_xll.TestScript($C$3,$C$4+D$21,$C$5+D$20,$C$6,$B$10:$B$16,$C$10:$C$16,$B28,$B28,D$18,D$19),D$22,2) -> 90.1578 | E28: =(D28-C28)/$D$20 -> #NAME?
B29: 60000 | C29: =INDEX(_xll.TestScript($C$3,$C$4+C$21,$C$5+C$20,$C$6,$B$10:$B$16,$C$10:$C$16,$B29,$B29,C$18,C$19),C$22,2) -> #NAME? | D29: =INDEX(_xll.TestScript($C$3,$C$4+D$21,$C$5+D$20,$C$6,$B$10:$B$16,$C$10:$C$16,$B29,$B29,D$18,D$19),D$22,2) -> 90.355167 | E29: =(D29-C29)/$D$20 -> #NAME?
B30: 70000 | C30: =INDEX(_xll.TestScript($C$3,$C$4+C$21,$C$5+C$20,$C$6,$B$10:$B$16,$C$10:$C$16,$B30,$B30,C$18,C$19),C$22,2) -> #NAME? | D30: =INDEX(_xll.TestScript($C$3,$C$4+D$21,$C$5+D$20,$C$6,$B$10:$B$16,$C$10:$C$16,$B30,$B30,D$18,D$19),D$22,2) -> 90.347143 | E30: =(D30-C30)/$D$20 -> #NAME?
B31: 80000 | C31: =INDEX(_xll.TestScript($C$3,$C$4+C$21,$C$5+C$20,$C$6,$B$10:$B$16,$C$10:$C$16,$B31,$B31,C$18,C$19),C$22,2) -> #NAME? | D31: =INDEX(_xll.TestScript($C$3,$C$4+D$21,$C$5+D$20,$C$6,$B$10:$B$16,$C$10:$C$16,$B31,$B31,D$18,D$19),D$22,2) -> 90.407875 | E31: =(D31-C31)/$D$20 -> #NAME?
B32: 90000 | C32: =INDEX(_xll.TestScript($C$3,$C$4+C$21,$C$5+C$20,$C$6,$B$10:$B$16,$C$10:$C$16,$B32,$B32,C$18,C$19),C$22,2) -> #NAME? | D32: =INDEX(_xll.TestScript($C$3,$C$4+D$21,$C$5+D$20,$C$6,$B$10:$B$16,$C$10:$C$16,$B32,$B32,D$18,D$19),D$22,2) -> 90.353222 | E32: =(D32-C32)/$D$20 -> #NAME?
B33: 100000 | C33: =INDEX(_xll.TestScript($C$3,$C$4+C$21,$C$5+C$20,$C$6,$B$10:$B$16,$C$10:$C$16,$B33,$B33,C$18,C$19),C$22,2) -> 90.2319 | D33: =INDEX(_xll.TestScript($C$3,$C$4+D$21,$C$5+D$20,$C$6,$B$10:$B$16,$C$10:$C$16,$B33,$B33,D$18,D$19),D$22,2) -> 90.2299 | E33: =(D33-C33)/$D$20 -> #NAME?

Sheet Fuzzy
B2: Model
B3: Today | C3: 42104
B4: Spot | C4: 100
B5: Vol | C5: 0.2
B6: Rate | C6: 0
B9: Script
B10: 42104 | C10: alive = 1
B11: 42470 | C11: if spot() > 100 then autocall pays 110 alive = 0 endIf
B12: 42835 | C12: if spot() > 100 then autocall pays alive * 120 alive = 0 endIf
B13: 43200 | C13: if spot() > 100 then autocall pays alive * 130 else autocall pays alive * 50 endIf
B18: Fuzzy Logic? | C18: FALSE | D18: =C18 -> FALSE
B19: FL Eps | C19: 1 | D19: 1
B20: Vol shift | C20: 0 | D20: 0.0001
B21: Spot shift | C21: 0 | D21: 0
B22: Var | C22: 2 | D22: 2
B23: Sims | E23: Vega | F23: Old Price | G23: Old Vega
B24: 10000 | C24: =INDEX(_xll.TestScript($C$3,$C$4+C$21,$C$5+C$20,$C$6,$B$10:$B$16,$C$10:$C$16,$B24,$B24,C$18,C$19),C$22,2) -> 90.224 | D24: =INDEX(_xll.TestScript($C$3,$C$4+D$21,$C$5+D$20,$C$6,$B$10:$B$16,$C$10:$C$16,$B24,$B24,D$18,D$19),D$22,2) -> 90.224 | E24: =(D24-C24)/$D$20 -> 0 | F24: =Sharp!C24 -> #NAME? | G24: =Sharp!E24 -> #NAME?
B25: 20000 | C25: =INDEX(_xll.TestScript($C$3,$C$4+C$21,$C$5+C$20,$C$6,$B$10:$B$16,$C$10:$C$16,$B25,$B25,C$18,C$19),C$22,2) -> 90.458 | D25: =INDEX(_xll.TestScript($C$3,$C$4+D$21,$C$5+D$20,$C$6,$B$10:$B$16,$C$10:$C$16,$B25,$B25,D$18,D$19),D$22,2) -> 90.4585 | E25: =(D25-C25)/$D$20 -> 5 | F25: =Sharp!C25 -> #NAME? | G25: =Sharp!E25 -> #NAME?
B26: 30000 | C26: =INDEX(_xll.TestScript($C$3,$C$4+C$21,$C$5+C$20,$C$6,$B$10:$B$16,$C$10:$C$16,$B26,$B26,C$18,C$19),C$22,2) -> 90.363 | D26: =INDEX(_xll.TestScript($C$3,$C$4+D$21,$C$5+D$20,$C$6,$B$10:$B$16,$C$10:$C$16,$B26,$B26,D$18,D$19),D$22,2) -> 90.362 | E26: =(D26-C26)/$D$20 -> -10 | F26: =Sharp!C26 -> #NAME? | G26: =Sharp!E26 -> #NAME?
B27: 40000 | C27: =INDEX(_xll.TestScript($C$3,$C$4+C$21,$C$5+C$20,$C$6,$B$10:$B$16,$C$10:$C$16,$B27,$B27,C$18,C$19),C$22,2) -> 90.22075 | D27: =INDEX(_xll.TestScript($C$3,$C$4+D$21,$C$5+D$20,$C$6,$B$10:$B$16,$C$10:$C$16,$B27,$B27,D$18,D$19),D$22,2) -> 90.219 | E27: =(D27-C27)/$D$20 -> -17.5 | F27: =Sharp!C27 -> #NAME? | G27: =Sharp!E27 -> #NAME?
B28: 50000 | C28: =INDEX(_xll.TestScript($C$3,$C$4+C$21,$C$5+C$20,$C$6,$B$10:$B$16,$C$10:$C$16,$B28,$B28,C$18,C$19),C$22,2) -> 90.1602 | D28: =INDEX(_xll.TestScript($C$3,$C$4+D$21,$C$5+D$20,$C$6,$B$10:$B$16,$C$10:$C$16,$B28,$B28,D$18,D$19),D$22,2) -> 90.1578 | E28: =(D28-C28)/$D$20 -> -24 | F28: =Sharp!C28 -> #NAME? | G28: =Sharp!E28 -> #NAME?
B29: 60000 | C29: =INDEX(_xll.TestScript($C$3,$C$4+C$21,$C$5+C$20,$C$6,$B$10:$B$16,$C$10:$C$16,$B29,$B29,C$18,C$19),C$22,2) -> 90.355167 | D29: =INDEX(_xll.TestScript($C$3,$C$4+D$21,$C$5+D$20,$C$6,$B$10:$B$16,$C$10:$C$16,$B29,$B29,D$18,D$19),D$22,2) -> 90.355167 | E29: =(D29-C29)/$D$20 -> 0 | F29: =Sharp!C29 -> #NAME? | G29: =Sharp!E29 -> #NAME?
B30: 70000 | C30: =INDEX(_xll.TestScript($C$3,$C$4+C$21,$C$5+C$20,$C$6,$B$10:$B$16,$C$10:$C$16,$B30,$B30,C$18,C$19),C$22,2) -> 90.347143 | D30: =INDEX(_xll.TestScript($C$3,$C$4+D$21,$C$5+D$20,$C$6,$B$10:$B$16,$C$10:$C$16,$B30,$B30,D$18,D$19),D$22,2) -> 90.347143 | E30: =(D30-C30)/$D$20 -> 0 | F30: =Sharp!C30 -> #NAME? | G30: =Sharp!E30 -> #NAME?
B31: 80000 | C31: =INDEX(_xll.TestScript($C$3,$C$4+C$21,$C$5+C$20,$C$6,$B$10:$B$16,$C$10:$C$16,$B31,$B31,C$18,C$19),C$22,2) -> 90.409625 | D31: =INDEX(_xll.TestScript($C$3,$C$4+D$21,$C$5+D$20,$C$6,$B$10:$B$16,$C$10:$C$16,$B31,$B31,D$18,D$19),D$22,2) -> 90.407875 | E31: =(D31-C31)/$D$20 -> -17.5 | F31: =Sharp!C31 -> #NAME? | G31: =Sharp!E31 -> #NAME?
B32: 90000 | C32: =INDEX(_xll.TestScript($C$3,$C$4+C$21,$C$5+C$20,$C$6,$B$10:$B$16,$C$10:$C$16,$B32,$B32,C$18,C$19),C$22,2) -> 90.354778 | D32: =INDEX(_xll.TestScript($C$3,$C$4+D$21,$C$5+D$20,$C$6,$B$10:$B$16,$C$10:$C$16,$B32,$B32,D$18,D$19),D$22,2) -> 90.353222 | E32: =(D32-C32)/$D$20 -> -15.555556 | F32: =Sharp!C32 -> #NAME? | G32: =Sharp!E32 -> #NAME?
B33: 100000 | C33: =INDEX(_xll.TestScript($C$3,$C$4+C$21,$C$5+C$20,$C$6,$B$10:$B$16,$C$10:$C$16,$B33,$B33,C$18,C$19),C$22,2) -> 90.2319 | D33: =INDEX(_xll.TestScript($C$3,$C$4+D$21,$C$5+D$20,$C$6,$B$10:$B$16,$C$10:$C$16,$B33,$B33,D$18,D$19),D$22,2) -> 90.2299 | E33: =(D33-C33)/$D$20 -> -20 | F33: =Sharp!C33 -> 90.2319 | G33: =Sharp!E33 -> #NAME?
