Workbook

Sheet Scripts
A1: Model
A2: Today | B2: 42104
A3: Spot | B3: 100
A4: Vol | B4: 0.21
A5: Rate | B5: 0
A7: Simulations
A8: Seed | B8: 0
A9: Num Sim | B9: 100 | K9: Example scripts below
A11: Script | K11: Call, strike = 100
A12: 42104 | B12: ALIVE = 1 | K12: 42470 | L12: OPT PAYS MAX( 0, SPOT() - 100 )
A13: 42470 | B13: IF SPOT() > 100 THEN AUTOCALL PAYS 110 ALIVE = 0 ENDIF
A14: 42835 | B14: IF SPOT() > 100 THEN AUTOCALL PAYS ALIVE * 120 ALIVE = 0 ENDIF | K14: Monthly monitored barrier @ 110, up and out call, strike = 100
A15: 43200 | B15: IF SPOT() > 100 THEN AUTOCALL PAYS ALIVE * 130 ELSE AUTOCALL PAYS ALIVE * 50 ENDIF | K15: 42104 | L15: ALIVE = 1
K16: 42134 | L16: IF SPOT() > 110 THEN ALIVE = 0 ENDIF
K17: 42165 | L17: IF SPOT() > 110 THEN ALIVE = 0 ENDIF
K18: 42195 | L18: IF SPOT() > 110 THEN ALIVE = 0 ENDIF
K19: 42226 | L19: IF SPOT() > 110 THEN ALIVE = 0 ENDIF
K20: 42257 | L20: IF SPOT() > 110 THEN ALIVE = 0 ENDIF
K21: 42287 | L21: IF SPOT() > 110 THEN ALIVE = 0 ENDIF
K22: 42318 | L22: IF SPOT() > 110 THEN ALIVE = 0 ENDIF
K23: 42348 | L23: IF SPOT() > 110 THEN ALIVE = 0 ENDIF
K24: 42379 | L24: IF SPOT() > 110 THEN ALIVE = 0 ENDIF
K25: 42410 | L25: IF SPOT() > 110 THEN ALIVE = 0 ENDIF
K26: 42439 | L26: IF SPOT() > 110 THEN ALIVE = 0 ENDIF
K27: 42470 | L27: IF SPOT() > 110 THEN ALIVE = 0 ENDIF
K28: 42470 | L28: RKO PAYS ALIVE * MAX( SPOT() - 100, 0)
A29: Value
A30: {=_xll.TestScript(B2,B3,B4,B5,A12:A27,B12:B27,B9,B8)} -> ALIVE | B30: 0.43 | K30: Autocallable
A31: AUTOCALL | B31: 89.1 | K31: 42104 | L31: ALIVE = 1
A32: #N/A | B32: #N/A | K32: 42470 | L32: IF SPOT() > 100 THEN AUTOCALL PAYS 110 ALIVE = 0 ENDIF
A33: #N/A | B33: #N/A | K33: 42835 | L33: IF SPOT() > 100 THEN AUTOCALL PAYS ALIVE * 120 ALIVE = 0 ENDIF
K34: 43200 | L34: IF SPOT() > 100 THEN AUTOCALL PAYS ALIVE * 130 ELSE AUTOCALL PAYS ALIVE * 50 ENDIF
K36: Just testing expressions
K37: 42104 | L37: VAR_1 = 7 - 3 - 4
K38: 42105 | L38: IF VAR_1 = 0 THEN VAR_2 = 7 - 3 - 4 ENDIF
K39: 42106 | L39: VAR_3 = 2 ^ 3 ^ 4
K40: 42107 | L40: VAR_4 = -2 ^ 2

Sheet Sharp
A1: Model
A2: Today | B2: 42104
A3: Spot | B3: 100
A4: Vol | B4: 0.2
A5: Rate | B5: 0
A8: Script
A9: 42104 | B9: alive = 1
A10: 42470 | B10: if spot() > 100 then autocall pays 110 alive = 0 endIf
A11: 42835 | B11: if spot() > 100 then autocall pays alive * 120 alive = 0 endIf
A12: 43200 | B12: if spot() > 100 then autocall pays alive * 130 else autocall pays alive * 50 endIf
A17: Fuzzy Logic | B17: FALSE | C17: =B17 -> FALSE
A18: FL Eps | B18: 1 | C18: 1
A19: Vol shift | B19: 0 | C19: 0.0001
A20: Spot shift | B20: 0 | C20: 0
A21: Var | B21: 2 | C21: 2
A23: Sims | B23: Price | C23: Shifted Price | D23: Vega
A24: 10000 | B24: =INDEX(_xll.TestScript($B$2,$B$3+B$20,$B$4+B$19,$B$5,$A$9:$A$15,$B$9:$B$15,$A24,$A24,B$17,B$18),B$21,2) -> 90.224 | C24: =INDEX(_xll.TestScript($B$2,$B$3+C$20,$B$4+C$19,$B$5,$A$9:$A$15,$B$9:$B$15,$A24,$A24,C$17,C$18),C$21,2) -> 90.224 | D24: =(C24-B24)/$C$19 -> 0
A25: 20000 | B25: =INDEX(_xll.TestScript($B$2,$B$3+B$20,$B$4+B$19,$B$5,$A$9:$A$15,$B$9:$B$15,$A25,$A25,B$17,B$18),B$21,2) -> 90.458 | C25: =INDEX(_xll.TestScript($B$2,$B$3+C$20,$B$4+C$19,$B$5,$A$9:$A$15,$B$9:$B$15,$A25,$A25,C$17,C$18),C$21,2) -> 90.4585 | D25: =(C25-B25)/$C$19 -> 5
A26: 30000 | B26: =INDEX(_xll.TestScript($B$2,$B$3+B$20,$B$4+B$19,$B$5,$A$9:$A$15,$B$9:$B$15,$A26,$A26,B$17,B$18),B$21,2) -> 90.363 | C26: =INDEX(_xll.TestScript($B$2,$B$3+C$20,$B$4+C$19,$B$5,$A$9:$A$15,$B$9:$B$15,$A26,$A26,C$17,C$18),C$21,2) -> 90.362 | D26: =(C26-B26)/$C$19 -> -10
A27: 40000 | B27: =INDEX(_xll.TestScript($B$2,$B$3+B$20,$B$4+B$19,$B$5,$A$9:$A$15,$B$9:$B$15,$A27,$A27,B$17,B$18),B$21,2) -> 90.22075 | C27: =INDEX(_xll.TestScript($B$2,$B$3+C$20,$B$4+C$19,$B$5,$A$9:$A$15,$B$9:$B$15,$A27,$A27,C$17,C$18),C$21,2) -> 90.219 | D27: =(C27-B27)/$C$19 -> -17.5
A28: 50000 | B28: =INDEX(_xll.TestScript($B$2,$B$3+B$20,$B$4+B$19,$B$5,$A$9:$A$15,$B$9:$B$15,$A28,$A28,B$17,B$18),B$21,2) -> 90.1602 | C28: =INDEX(_xll.TestScript($B$2,$B$3+C$20,$B$4+C$19,$B$5,$A$9:$A$15,$B$9:$B$15,$A28,$A28,C$17,C$18),C$21,2) -> 90.1578 | D28: =(C28-B28)/$C$19 -> -24
A29: 60000 | B29: =INDEX(_xll.TestScript($B$2,$B$3+B$20,$B$4+B$19,$B$5,$A$9:$A$15,$B$9:$B$15,$A29,$A29,B$17,B$18),B$21,2) -> 90.355167 | C29: =INDEX(_xll.TestScript($B$2,$B$3+C$20,$B$4+C$19,$B$5,$A$9:$A$15,$B$9:$B$15,$A29,$A29,C$17,C$18),C$21,2) -> 90.355167 | D29: =(C29-B29)/$C$19 -> 0
A30: 70000 | B30: =INDEX(_xll.TestScript($B$2,$B$3+B$20,$B$4+B$19,$B$5,$A$9:$A$15,$B$9:$B$15,$A30,$A30,B$17,B$18),B$21,2) -> 90.347143 | C30: =INDEX(_xll.TestScript($B$2,$B$3+C$20,$B$4+C$19,$B$5,$A$9:$A$15,$B$9:$B$15,$A30,$A30,C$17,C$18),C$21,2) -> 90.347143 | D30: =(C30-B30)/$C$19 -> 0
A31: 80000 | B31: =INDEX(_xll.TestScript($B$2,$B$3+B$20,$B$4+B$19,$B$5,$A$9:$A$15,$B$9:$B$15,$A31,$A31,B$17,B$18),B$21,2) -> 90.409625 | C31: =INDEX(_xll.TestScript($B$2,$B$3+C$20,$B$4+C$19,$B$5,$A$9:$A$15,$B$9:$B$15,$A31,$A31,C$17,C$18),C$21,2) -> 90.407875 | D31: =(C31-B31)/$C$19 -> -17.5
A32: 90000 | B32: =INDEX(_xll.TestScript($B$2,$B$3+B$20,$B$4+B$19,$B$5,$A$9:$A$15,$B$9:$B$15,$A32,$A32,B$17,B$18),B$21,2) -> 90.354778 | C32: =INDEX(_xll.TestScript($B$2,$B$3+C$20,$B$4+C$19,$B$5,$A$9:$A$15,$B$9:$B$15,$A32,$A32,C$17,C$18),C$21,2) -> 90.353222 | D32: =(C32-B32)/$C$19 -> -15.555556
A33: 100000 | B33: =INDEX(_xll.TestScript($B$2,$B$3+B$20,$B$4+B$19,$B$5,$A$9:$A$15,$B$9:$B$15,$A33,$A33,B$17,B$18),B$21,2) -> 90.2319 | C33: =INDEX(_xll.TestScript($B$2,$B$3+C$20,$B$4+C$19,$B$5,$A$9:$A$15,$B$9:$B$15,$A33,$A33,C$17,C$18),C$21,2) -> 90.2299 | D33: =(C33-B33)/$C$19 -> -20

Sheet Fuzzy
A1: Model
A2: Today | B2: 42104
A3: Spot | B3: 100
A4: Vol | B4: 0.2
A5: Rate | B5: 0
A8: Script
A9: 42104 | B9: alive = 1
A10: 42470 | B10: if spot() > 100 then autocall pays 110 alive = 0 endIf
A11: 42835 | B11: if spot() > 100 then autocall pays alive * 120 alive = 0 endIf
A12: 43200 | B12: if spot() > 100 then autocall pays alive * 130 else autocall pays alive * 50 endIf
A17: Fuzzy Logic | B17: TRUE | C17: =B17 -> TRUE
A18: FL Eps | B18: 1 | C18: 1
A19: Vol shift | B19: 0 | C19: 0.0001
A20: Spot shift | B20: 0 | C20: 0
A21: Var | B21: 2 | C21: 2
A23: Sims | B23: Price | C23: Shifted Price | D23: Vega | E23: Sharp Price | F23: Sharp Vega
A24: 10000 | B24: =INDEX(_xll.TestScript($B$2,$B$3+B$20,$B$4+B$19,$B$5,$A$9:$A$15,$B$9:$B$15,$A24,$A24,B$17,B$18),B$21,2) -> 90.215907 | C24: =INDEX(_xll.TestScript($B$2,$B$3+C$20,$B$4+C$19,$B$5,$A$9:$A$15,$B$9:$B$15,$A24,$A24,C$17,C$18),C$21,2) -> 90.214292 | D24: =(C24-B24)/$C$19 -> -16.15223 | E24: =Sharp!B24 -> 90.224 | F24: =Sharp!D24 -> 0
A25: 20000 | B25: =INDEX(_xll.TestScript($B$2,$B$3+B$20,$B$4+B$19,$B$5,$A$9:$A$15,$B$9:$B$15,$A25,$A25,B$17,B$18),B$21,2) -> 90.454516 | C25: =INDEX(_xll.TestScript($B$2,$B$3+C$20,$B$4+C$19,$B$5,$A$9:$A$15,$B$9:$B$15,$A25,$A25,C$17,C$18),C$21,2) -> 90.45275 | D25: =(C25-B25)/$C$19 -> -17.65487 | E25: =Sharp!B25 -> 90.458 | F25: =Sharp!D25 -> 5
A26: 30000 | B26: =INDEX(_xll.TestScript($B$2,$B$3+B$20,$B$4+B$19,$B$5,$A$9:$A$15,$B$9:$B$15,$A26,$A26,B$17,B$18),B$21,2) -> 90.391597 | C26: =INDEX(_xll.TestScript($B$2,$B$3+C$20,$B$4+C$19,$B$5,$A$9:$A$15,$B$9:$B$15,$A26,$A26,C$17,C$18),C$21,2) -> 90.389931 | D26: =(C26-B26)/$C$19 -> -16.660889 | E26: =Sharp!B26 -> 90.363 | F26: =Sharp!D26 -> -10
A27: 40000 | B27: =INDEX(_xll.TestScript($B$2,$B$3+B$20,$B$4+B$19,$B$5,$A$9:$A$15,$B$9:$B$15,$A27,$A27,B$17,B$18),B$21,2) -> 90.241188 | C27: =INDEX(_xll.TestScript($B$2,$B$3+C$20,$B$4+C$19,$B$5,$A$9:$A$15,$B$9:$B$15,$A27,$A27,C$17,C$18),C$21,2) -> 90.23945 | D27: =(C27-B27)/$C$19 -> -17.384158 | E27: =Sharp!B27 -> 90.22075 | F27: =Sharp!D27 -> -17.5
A28: 50000 | B28: =INDEX(_xll.TestScript($B$2,$B$3+B$20,$B$4+B$19,$B$5,$A$9:$A$15,$B$9:$B$15,$A28,$A28,B$17,B$18),B$21,2) -> 90.157753 | C28: =INDEX(_xll.TestScript($B$2,$B$3+C$20,$B$4+C$19,$B$5,$A$9:$A$15,$B$9:$B$15,$A28,$A28,C$17,C$18),C$21,2) -> 90.156061 | D28: =(C28-B28)/$C$19 -> -16.921758 | E28: =Sharp!B28 -> 90.1602 | F28: =Sharp!D28 -> -24
A29: 60000 | B29: =INDEX(_xll.TestScript($B$2,$B$3+B$20,$B$4+B$19,$B$5,$A$9:$A$15,$B$9:$B$15,$A29,$A29,B$17,B$18),B$21,2) -> 90.349307 | C29: =INDEX(_xll.TestScript($B$2,$B$3+C$20,$B$4+C$19,$B$5,$A$9:$A$15,$B$9:$B$15,$A29,$A29,C$17,C$18),C$21,2) -> 90.347572 | D29: =(C29-B29)/$C$19 -> -17.346947 | E29: =Sharp!B29 -> 90.355167 | F29: =Sharp!D29 -> 0
A30: 70000 | B30: =INDEX(_xll.TestScript($B$2,$B$3+B$20,$B$4+B$19,$B$5,$A$9:$A$15,$B$9:$B$15,$A30,$A30,B$17,B$18),B$21,2) -> 90.346937 | C30: =INDEX(_xll.TestScript($B$2,$B$3+C$20,$B$4+C$19,$B$5,$A$9:$A$15,$B$9:$B$15,$A30,$A30,C$17,C$18),C$21,2) -> 90.345181 | D30: =(C30-B30)/$C$19 -> -17.56164 | E30: =Sharp!B30 -> 90.347143 | F30: =Sharp!D30 -> 0
A31: 80000 | B31: =INDEX(_xll.TestScript($B$2,$B$3+B$20,$B$4+B$19,$B$5,$A$9:$A$15,$B$9:$B$15,$A31,$A31,B$17,B$18),B$21,2) -> 90.434704 | C31: =INDEX(_xll.TestScript($B$2,$B$3+C$20,$B$4+C$19,$B$5,$A$9:$A$15,$B$9:$B$15,$A31,$A31,C$17,C$18),C$21,2) -> 90.43286 | D31: =(C31-B31)/$C$19 -> -18.443962 | E31: =Sharp!B31 -> 90.409625 | F31: =Sharp!D31 -> -17.5
A32: 90000 | B32: =INDEX(_xll.TestScript($B$2,$B$3+B$20,$B$4+B$19,$B$5,$A$9:$A$15,$B$9:$B$15,$A32,$A32,B$17,B$18),B$21,2) -> 90.361812 | C32: =INDEX(_xll.TestScript($B$2,$B$3+C$20,$B$4+C$19,$B$5,$A$9:$A$15,$B$9:$B$15,$A32,$A32,C$17,C$18),C$21,2) -> 90.36006 | D32: =(C32-B32)/$C$19 -> -17.52785 | E32: =Sharp!B32 -> 90.354778 | F32: =Sharp!D32 -> -15.555556
A33: 100000 | B33: =INDEX(_xll.TestScript($B$2,$B$3+B$20,$B$4+B$19,$B$5,$A$9:$A$15,$B$9:$B$15,$A33,$A33,B$17,B$18),B$21,2) -> 90.236475 | C33: =INDEX(_xll.TestScript($B$2,$B$3+C$20,$B$4+C$19,$B$5,$A$9:$A$15,$B$9:$B$15,$A33,$A33,C$17,C$18),C$21,2) -> 90.23467 | D33: =(C33-B33)/$C$19 -> -18.052129 | E33: =Sharp!B33 -> 90.2319 | F33: =Sharp!D33 -> -20
